,district,Hindu,Muslim,Christian,Sikh,Buddhist,Jain,Other Religion,total_population
0,Ghaziabad,3414427.0,1186776.0,19026.0,23001.0,3487.0,16412.0,265.0,4663394.0
1,Ghazipur,3233790.0,368153.0,4181.0,810.0,3145.0,213.0,184.0,3610476.0
2,Giridih,1856202.0,508586.0,14645.0,937.0,650.0,1503.0,59218.0,2441741.0
3,Goalpara,347878.0,579929.0,77862.0,771.0,194.0,477.0,103.0,1007214.0
4,Godda,937126.0,289182.0,37795.0,97.0,128.0,115.0,47067.0,1311510.0
5,Golaghat,917426.0,90312.0,50582.0,1131.0,3863.0,530.0,1347.0,1065191.0
6,Gonda,2739076.0,678615.0,4735.0,1893.0,649.0,338.0,57.0,3425363.0
7,Gondiya,1153861.0,26157.0,1827.0,2160.0,125282.0,1568.0,5080.0,1315935.0
8,Gopalganj,2119262.0,436057.0,2463.0,271.0,167.0,133.0,28.0,2558381.0
9,Gorakhpur,4009037.0,403847.0,9662.0,2123.0,2848.0,460.0,207.0,4428184.0
10,Gulbarga,2011014.0,513125.0,8344.0,826.0,9589.0,4865.0,330.0,2548093.0
11,Gumla,309563.0,51429.0,202449.0,221.0,531.0,23.0,457468.0,1021684.0
12,Guna,1172248.0,49203.0,1208.0,3271.0,529.0,13474.0,52.0,1239985.0
13,Guntur,4217597.0,559770.0,89763.0,764.0,323.0,3282.0,332.0,4871831.0
14,Gurdaspur,1074332.0,27667.0,176587.0,1002874.0,405.0,580.0,812.0,2283257.0
15,Gurgaon,1408801.0,70842.0,9725.0,15097.0,944.0,7451.0,254.0,1513114.0
16,Gwalior,1835299.0,141735.0,4119.0,24790.0,4361.0,18058.0,217.0,2028579.0
17,Hailakandi,251194.0,397653.0,8480.0,84.0,490.0,247.0,636.0,658784.0
18,Hamirpur,449412.0,3711.0,243.0,591.0,95.0,293.0,9.0,454354.0
19,Hamirpur,1010014.0,91269.0,814.0,196.0,74.0,41.0,273.0,1102681.0
20,Hanumangarh,1433067.0,118673.0,1542.0,216997.0,241.0,1935.0,138.0,1772593.0
21,Haora,3535844.0,1270641.0,8666.0,4380.0,1258.0,9699.0,1265.0,4831753.0
22,Harda,527462.0,38640.0,683.0,676.0,93.0,1573.0,55.0,569182.0
23,Hardoi,3508131.0,556219.0,5822.0,5688.0,6671.0,446.0,98.0,4083075.0
24,Hardwar,1214935.0,648119.0,4878.0,17364.0,709.0,2501.0,46.0,1888552.0
25,Hassan,1630814.0,120011.0,15611.0,289.0,623.0,5820.0,3.0,1773171.0
26,Haveri,1281878.0,297927.0,2406.0,419.0,68.0,9834.0,702.0,1593234.0
27,Hazaribagh,1397227.0,281247.0,17137.0,1312.0,71.0,1676.0,34154.0,1732824.0
28,Hingoli,863199.0,127552.0,992.0,643.0,176679.0,5278.0,103.0,1174446.0
29,Hisar,1701061.0,21650.0,1945.0,12270.0,334.0,3620.0,33.0,1740913.0
30,Hoshangabad,1175203.0,52269.0,4453.0,3127.0,1550.0,3888.0,107.0,1240597.0
31,Hoshiarpur,1000743.0,23089.0,14968.0,538208.0,3476.0,2034.0,531.0,1583049.0
32,Hugli,4574569.0,870204.0,7300.0,2662.0,1730.0,2160.0,49050.0,5507675.0
33,Hyderabad,2046051.0,1713405.0,87522.0,11446.0,1268.0,19560.0,1929.0,3881181.0
34,Idukki,541854.0,82206.0,481507.0,100.0,189.0,44.0,384.0,1106284.0
35,Imphal East,274906.0,80199.0,27361.0,181.0,639.0,62.0,70825.0,454173.0
36,Imphal West,387497.0,24298.0,23377.0,589.0,1891.0,1264.0,77032.0,515948.0
37,Indore,2728225.0,415142.0,18523.0,25696.0,11496.0,71667.0,720.0,3271469.0
38,Jabalpur,2159065.0,203652.0,23142.0,13256.0,4320.0,33728.0,21010.0,2458173.0
39,Jagatsinghapur,1086140.0,46929.0,1604.0,206.0,74.0,58.0,63.0,1135074.0
40,Jaintia Hills,12456.0,1646.0,271596.0,34.0,284.0,45.0,107559.0,393620.0
41,Jaipur,5819980.0,687452.0,12708.0,18782.0,1020.0,81079.0,257.0,6621278.0
42,Jaisalmer,497045.0,168129.0,874.0,1723.0,98.0,1521.0,34.0,669424.0
43,Jajapur,1725595.0,93642.0,1623.0,470.0,58.0,100.0,3073.0,1824561.0
44,Jalandhar,1394329.0,30233.0,26016.0,718363.0,11385.0,4011.0,805.0,2185142.0
45,Jalaun,1509708.0,171581.0,1148.0,463.0,2875.0,256.0,145.0,1686176.0
46,Jalgaon,3457615.0,560261.0,7091.0,3091.0,143865.0,27404.0,9662.0,4208989.0
47,Jalna,1504641.0,274221.0,12542.0,1629.0,152540.0,9619.0,336.0,1955528.0
48,Jalor,1732852.0,78990.0,730.0,231.0,144.0,14640.0,82.0,1827669.0
49,Jalpaiguri,3156781.0,445817.0,186279.0,2994.0,50676.0,1461.0,23816.0,3867824.0
50,Jammu,1289240.0,107489.0,12104.0,114272.0,470.0,1987.0,321.0,1525883.0
51,Jamnagar,1810443.0,320805.0,4392.0,1873.0,1086.0,18856.0,136.0,2157591.0
52,Jamtara,550560.0,164406.0,4419.0,520.0,118.0,783.0,68564.0,789370.0
53,Jamui,1525746.0,217621.0,8443.0,162.0,159.0,87.0,3438.0,1755656.0
54,Janjgir - Champa,1597089.0,14173.0,2926.0,635.0,556.0,707.0,2220.0,1618306.0
55,Jashpur,629509.0,15336.0,189588.0,474.0,467.0,694.0,14835.0,850903.0
56,Jaunpur,3981502.0,483750.0,4947.0,1286.0,7898.0,349.0,114.0,4479846.0
57,Jehanabad,1045117.0,75742.0,691.0,148.0,248.0,60.0,58.0,1122064.0
58,Jhabua,960925.0,15733.0,38423.0,141.0,65.0,8871.0,388.0,1024546.0
59,Jhajjar,945693.0,8247.0,734.0,1042.0,105.0,645.0,22.0,956488.0
60,Jhalawar,1299751.0,96164.0,842.0,819.0,46.0,12488.0,42.0,1410152.0
61,Jhansi,1823930.0,147842.0,7050.0,4951.0,1203.0,7328.0,311.0,1992615.0
62,Jharsuguda,553587.0,12783.0,10462.0,1441.0,80.0,70.0,67.0,578490.0
63,Jhunjhunun,1905682.0,228178.0,1004.0,275.0,56.0,548.0,85.0,2135828.0
64,Jind,1276669.0,23016.0,889.0,29103.0,172.0,2594.0,56.0,1332499.0
65,Jodhpur,3224399.0,411558.0,6035.0,4123.0,514.0,36697.0,80.0,3683406.0
66,Jorhat,1008219.0,54684.0,21051.0,1540.0,2378.0,719.0,578.0,1089169.0
67,Junagadh,2397056.0,334858.0,2586.0,1110.0,1291.0,3841.0,77.0,2740819.0
68,Jyotiba Phule Nagar,1075440.0,750368.0,5952.0,5295.0,189.0,517.0,21.0,1837782.0
69,Kabirdham,776013.0,12206.0,980.0,924.0,433.0,1167.0,30222.0,821945.0
70,Kachchh,1608921.0,442355.0,6192.0,6353.0,490.0,25312.0,98.0,2089721.0
71,Kaimur,1456229.0,155283.0,1407.0,296.0,7707.0,129.0,1534.0,1622585.0
72,Kaithal,974520.0,8232.0,1769.0,87558.0,265.0,351.0,70.0,1072765.0
73,Kalahandi,1555367.0,4975.0,11160.0,796.0,175.0,1225.0,220.0,1573918.0
74,Kamrup,877495.0,601784.0,33297.0,319.0,185.0,1330.0,55.0,1514465.0
75,Kamrup Metropolitan,1064412.0,151071.0,18810.0,3679.0,1627.0,9250.0,170.0,1249019.0
76,Kancheepuram,3537399.0,173785.0,256762.0,1620.0,990.0,4962.0,756.0,3976274.0
77,Kandhamal,580300.0,2138.0,148895.0,82.0,290.0,47.0,23.0,731775.0
78,Kangra,1461140.0,19797.0,3023.0,8929.0,14511.0,194.0,208.0,1507802.0
79,Kanker (Uttar Bastar Kanker),627460.0,6040.0,4007.0,552.0,2213.0,1071.0,105869.0,747212.0
80,Kannauj,1375788.0,273967.0,1263.0,504.0,2033.0,606.0,65.0,1654226.0
81,Kanniyakumari,909872.0,78590.0,876299.0,160.0,438.0,156.0,10.0,1865525.0
82,Kannur,1509592.0,742483.0,262526.0,424.0,1118.0,193.0,722.0,2517058.0
83,Kanpur Dehat,1612968.0,176327.0,1300.0,478.0,819.0,155.0,103.0,1792150.0
84,Kanpur Nagar,3792174.0,720660.0,15751.0,29676.0,2733.0,5710.0,589.0,4567293.0
85,Kanshiram Nagar,1211427.0,213822.0,1969.0,2280.0,3907.0,313.0,72.0,1433790.0
86,Kapurthala,336124.0,10190.0,5445.0,453692.0,6662.0,553.0,334.0,813000.0
87,Karaikal,152638.0,28835.0,18391.0,46.0,63.0,54.0,14.0,200041.0
88,Karauli,1370977.0,81553.0,602.0,297.0,70.0,3424.0,413.0,1457336.0
89,Karbi Anglong,766000.0,20290.0,157789.0,370.0,6260.0,397.0,3568.0,954674.0
90,Kargil,10341.0,108239.0,604.0,1171.0,20126.0,28.0,4.0,140513.0
91,Karimganj,521962.0,692489.0,11990.0,114.0,446.0,524.0,110.0,1227635.0
92,Karimnagar,3491139.0,244723.0,24979.0,2086.0,332.0,312.0,115.0,3763686.0
93,Karnal,1341002.0,31650.0,2049.0,126207.0,532.0,1516.0,49.0,1503005.0
94,Karur,993666.0,53292.0,16483.0,115.0,29.0,7.0,79.0,1063671.0
95,Kasaragod,729987.0,486913.0,87454.0,151.0,362.0,130.0,152.0,1305149.0
96,Kathua,540063.0,64234.0,1828.0,9551.0,24.0,16.0,2.0,615718.0
97,Katihar,1684589.0,1365645.0,8659.0,2754.0,212.0,507.0,2141.0,3064507.0
98,Katni,1240650.0,37232.0,3158.0,1167.0,157.0,5342.0,2643.0,1290349.0
99,Kaushambi,1372381.0,220423.0,2225.0,522.0,687.0,545.0,3.0,1596786.0
100,Kendrapara,1386792.0,50247.0,1423.0,169.0,62.0,52.0,24.0,1438769.0
101,Kendujhar,1752694.0,27752.0,9141.0,2177.0,209.0,131.0,7372.0,1799476.0
102,Khagaria,1486989.0,175588.0,1253.0,143.0,79.0,86.0,115.0,1664253.0
103,Khammam,2595321.0,158887.0,33463.0,655.0,217.0,459.0,539.0,2789541.0
104,Khandwa,1182330.0,116277.0,2800.0,1726.0,1425.0,3856.0,158.0,1308572.0
105,Khargone,1725441.0,135085.0,2075.0,2896.0,284.0,6028.0,89.0,1871898.0
106,Kheda,2000884.0,264482.0,26629.0,1403.0,300.0,3479.0,82.0,2297259.0
107,Kheri,3078262.0,807600.0,7502.0,94388.0,18454.0,487.0,226.0,4006919.0
108,Khordha,2147632.0,84060.0,12527.0,1264.0,475.0,476.0,434.0,2246868.0
109,Khunti,138863.0,13122.0,136438.0,69.0,245.0,148.0,241292.0,530177.0
110,Kinnaur,64732.0,448.0,485.0,249.0,18086.0,29.0,45.0,84074.0
111,Kiphire,1040.0,564.0,71803.0,13.0,210.0,1.0,1.0,73632.0
112,Kishanganj,531236.0,1149095.0,5783.0,398.0,183.0,1476.0,28.0,1688199.0
113,Kishtwar,93931.0,133225.0,277.0,450.0,2094.0,3.0,514.0,230494.0
114,Koch Bihar,2087766.0,720033.0,4122.0,449.0,445.0,1869.0,158.0,2814842.0
115,Kodagu,448986.0,87274.0,17130.0,139.0,126.0,250.0,220.0,554125.0
116,Kodarma,605138.0,107018.0,1221.0,944.0,32.0,980.0,269.0,715602.0
117,Kohima,25496.0,4384.0,234955.0,998.0,1519.0,80.0,335.0,267767.0
118,Kokrajhar,529068.0,252271.0,101091.0,93.0,1718.0,396.0,123.0,884760.0
119,Kolar,1305431.0,199873.0,26722.0,253.0,150.0,2494.0,92.0,1535015.0
120,Kolasib,4000.0,4426.0,75210.0,16.0,108.0,2.0,46.0,83808.0
121,Kolhapur,3379906.0,286558.0,15573.0,1570.0,29766.0,154882.0,1274.0,3869529.0
122,Kolkata,3440290.0,926414.0,39758.0,13849.0,4771.0,21178.0,1452.0,4447712.0
123,Kollam,1697635.0,508500.0,421598.0,208.0,272.0,63.0,619.0,2628895.0
124,Koppal,1218024.0,161770.0,4081.0,296.0,85.0,2898.0,461.0,1387615.0
125,Koraput,1294151.0,8850.0,68550.0,518.0,219.0,491.0,3384.0,1376163.0
126,Korba,1133176.0,30195.0,21059.0,3666.0,897.0,753.0,15649.0,1205395.0
127,Koriya,604259.0,25878.0,9398.0,1391.0,84.0,1155.0,15474.0,657639.0
128,Kota,1661307.0,243993.0,5665.0,11058.0,280.0,25742.0,286.0,1948331.0
129,Kottayam,983598.0,126499.0,858608.0,204.0,358.0,83.0,565.0,1969915.0
130,Kozhikode,1734958.0,1211131.0,131516.0,297.0,235.0,601.0,588.0,3079326.0
131,Krishna,4023678.0,307043.0,145598.0,1393.0,863.0,6320.0,906.0,4485801.0
132,Krishnagiri,1723737.0,115303.0,35956.0,468.0,121.0,373.0,221.0,1876179.0
133,Kulgam,4267.0,418076.0,460.0,1035.0,27.0,25.0,9.0,423899.0
134,Kullu,415669.0,2974.0,1568.0,1396.0,15377.0,94.0,83.0,437161.0
135,Kupwara,37128.0,823286.0,1700.0,5600.0,66.0,39.0,13.0,867832.0
136,Kurnool,3328380.0,670737.0,33165.0,737.0,255.0,2235.0,434.0,4035943.0
137,Kurukshetra,805175.0,15970.0,1943.0,140395.0,214.0,375.0,106.0,964178.0
138,Kurung Kumey,4859.0,471.0,51189.0,43.0,121.0,81.0,34158.0,90922.0
139,Kushinagar,2928462.0,620244.0,5006.0,767.0,4619.0,383.0,133.0,3559614.0
140,Lahul & Spiti,11649.0,74.0,212.0,35.0,19572.0,3.0,1.0,31546.0
141,Lakhimpur,797130.0,193476.0,46217.0,412.0,1074.0,250.0,2410.0,1040969.0
142,Lakhisarai,956396.0,40886.0,487.0,140.0,52.0,78.0,52.0,998091.0
143,Lakshadweep,1788.0,62268.0,317.0,8.0,10.0,11.0,7.0,64409.0
144,Lalitpur,1163804.0,33724.0,1351.0,1034.0,69.0,20390.0,41.0,1220413.0
145,Latehar,473049.0,69808.0,47653.0,120.0,128.0,16.0,133525.0,724299.0
146,Latur,2006984.0,367664.0,2387.0,935.0,66535.0,6387.0,310.0,2451202.0
147,Lawngtlai,1668.0,522.0,63892.0,52.0,51549.0,122.0,2.0,117807.0
148,Leh,22882.0,19057.0,658.0,1092.0,88635.0,103.0,54.0,132481.0
149,Lohardaga,112378.0,95012.0,16770.0,51.0,33.0,15.0,235987.0,460246.0
150,Lohit,99020.0,3846.0,10684.0,210.0,24452.0,104.0,7277.0,145593.0
151,Longleng,873.0,635.0,48849.0,5.0,77.0,0.0,0.0,50439.0
152,Lower Dibang Valley,28915.0,2247.0,9213.0,33.0,2932.0,19.0,10393.0,53752.0
153,Lower Subansiri,9551.0,1482.0,34402.0,27.0,193.0,13.0,37085.0,82753.0
154,Lucknow,3537787.0,985070.0,20493.0,23883.0,3877.0,4975.0,504.0,4576589.0
155,Ludhiana,1502403.0,77713.0,16517.0,1863408.0,2007.0,19620.0,1254.0,3482922.0
156,Lunglei,5231.0,1290.0,127124.0,74.0,27543.0,93.0,5.0,161360.0
157,Madhepura,1753829.0,241760.0,1342.0,170.0,60.0,133.0,81.0,1997375.0
158,Madhubani,3652168.0,818912.0,3262.0,564.0,328.0,442.0,169.0,4475845.0
159,Madurai,2760502.0,168881.0,97711.0,520.0,199.0,1532.0,305.0,3029650.0
160,Mahamaya Nagar,1397225.0,159448.0,1350.0,524.0,424.0,1289.0,63.0,1560323.0
161,Maharajganj,2196884.0,458650.0,3527.0,1381.0,16030.0,243.0,338.0,2677053.0
162,Mahasamund,1008061.0,12570.0,5284.0,2941.0,521.0,1495.0,1417.0,1032289.0
163,Mahbubnagar,3673456.0,334172.0,21345.0,658.0,290.0,388.0,267.0,4030576.0
164,Mahe,27940.0,12856.0,958.0,3.0,21.0,14.0,3.0,41795.0
165,Mahendragarh,913251.0,5660.0,301.0,1737.0,75.0,644.0,15.0,921683.0
166,Mahesana,1885732.0,136431.0,1954.0,1082.0,146.0,7087.0,88.0,2032520.0
167,Mahoba,815142.0,57454.0,965.0,389.0,94.0,234.0,157.0,874435.0
168,Mainpuri,1746649.0,100723.0,1729.0,475.0,8814.0,4161.0,38.0,1862589.0
169,Malappuram,1135259.0,2888849.0,81556.0,205.0,179.0,68.0,579.0,4106695.0
170,Maldah,1914352.0,2045151.0,13209.0,747.0,359.0,639.0,7929.0,3982386.0
171,Malkangiri,600219.0,1871.0,10039.0,213.0,43.0,195.0,35.0,612615.0
172,Mamit,2989.0,1782.0,69104.0,13.0,12328.0,25.0,19.0,86260.0
173,Mandi,981412.0,9460.0,876.0,4081.0,2628.0,43.0,86.0,998586.0
174,Mandla,849518.0,16558.0,12450.0,436.0,297.0,1789.0,170533.0,1051581.0
175,Mandsaur,1192588.0,125548.0,1120.0,849.0,242.0,19029.0,77.0,1339453.0
176,Mandya,1712695.0,77801.0,8506.0,322.0,299.0,3607.0,109.0,1803339.0
177,Mansa,156539.0,10375.0,917.0,598443.0,123.0,1577.0,493.0,768467.0
178,Mathura,2310776.0,216933.0,3179.0,2872.0,883.0,2056.0,126.0,2536825.0
179,Mau,1769937.0,428555.0,2109.0,340.0,564.0,155.0,129.0,2201789.0
180,Mayurbhanj,2113079.0,33706.0,15008.0,661.0,162.0,109.0,351714.0,2514439.0
181,Medak,2637313.0,342449.0,34301.0,1309.0,554.0,457.0,217.0,3016600.0
182,Meerut,2183255.0,1185643.0,10582.0,24912.0,1855.0,18544.0,236.0,3425027.0
183,Mewat,221846.0,862647.0,1235.0,592.0,516.0,1453.0,4.0,1088293.0
184,Mirzapur,2292534.0,195765.0,2373.0,1133.0,341.0,701.0,27.0,2492874.0
185,Moga,158414.0,9388.0,3277.0,818921.0,178.0,436.0,365.0,990979.0
186,Mokokchung,9840.0,2057.0,181847.0,78.0,442.0,66.0,6.0,194336.0
187,Mon,8102.0,3444.0,236494.0,84.0,1256.0,314.0,1.0,249695.0
188,Moradabad,2488265.0,2248392.0,13157.0,7555.0,1260.0,2426.0,382.0,4761437.0
189,Morena,1875495.0,76159.0,1092.0,557.0,3234.0,6681.0,92.0,1963310.0
190,Morigaon,451882.0,503257.0,834.0,113.0,65.0,244.0,11.0,956406.0
191,Muktsar,254920.0,4333.0,1681.0,638625.0,240.0,744.0,433.0,900976.0
192,Mumbai,1873762.0,773173.0,84555.0,13471.0,134257.0,166000.0,31094.0,3076312.0
193,Mumbai Suburban,6337132.0,1795788.0,322476.0,47288.0,469568.0,343639.0,18345.0,9334236.0
194,Munger,1252319.0,110416.0,1815.0,338.0,95.0,145.0,61.0,1365189.0
195,Murshidabad,2359061.0,4707573.0,18102.0,766.0,348.0,3037.0,7429.0,7096316.0
196,Muzaffarnagar,2382914.0,1711453.0,6495.0,18601.0,1516.0,16345.0,60.0,4137384.0
197,Muzaffarpur,4032773.0,745546.0,5149.0,933.0,288.0,382.0,98.0,4785169.0
198,Mysore,2631985.0,290549.0,39361.0,1255.0,16194.0,14419.0,493.0,2994256.0
199,Nabarangapur,1178005.0,6753.0,32152.0,169.0,189.0,325.0,54.0,1217647.0
200,Nadia,3728482.0,1382682.0,33835.0,849.0,514.0,281.0,16893.0,5163536.0
201,Nagaon,1225246.0,1563203.0,26844.0,3036.0,1073.0,1162.0,61.0,2820625.0
202,Nagapattinam,1435072.0,128617.0,47579.0,184.0,450.0,963.0,110.0,1612975.0
203,Nagaur,2833443.0,454487.0,1912.0,366.0,163.0,12940.0,276.0,3303587.0
204,Nagpur,3492202.0,390974.0,34667.0,20469.0,668050.0,24528.0,12181.0,4643071.0
205,Nainital,809717.0,120742.0,5091.0,17419.0,570.0,356.0,181.0,954076.0
206,Nalanda,2669775.0,198033.0,1978.0,393.0,414.0,561.0,64.0,2871218.0
207,Nalbari,491582.0,277488.0,429.0,62.0,27.0,1004.0,9.0,770601.0
208,Nalgonda,3249231.0,188646.0,35025.0,937.0,241.0,250.0,132.0,3474462.0
209,Namakkal,1673652.0,32483.0,16909.0,183.0,108.0,84.0,199.0,1723618.0
210,Nanded,2501741.0,471951.0,3902.0,13540.0,354189.0,5049.0,1273.0,3351645.0
211,Nandurbar,1521618.0,96182.0,8467.0,685.0,4969.0,6191.0,2907.0,1641019.0
212,Narayanpur,129161.0,776.0,600.0,96.0,71.0,409.0,8542.0,139655.0
213,Narmada,559848.0,22600.0,4413.0,147.0,80.0,373.0,2078.0,589539.0
214,Narsimhapur,1038628.0,39048.0,914.0,997.0,262.0,8125.0,2873.0,1090847.0
215,Nashik,5237009.0,693052.0,23946.0,8912.0,94783.0,38212.0,1795.0,6097709.0
216,Navsari,1225087.0,78669.0,5733.0,2459.0,601.0,13386.0,2823.0,1328758.0
217,Nawada,1964620.0,244394.0,1299.0,250.0,176.0,279.0,80.0,2211098.0
218,Nayagarh,955754.0,5278.0,383.0,107.0,33.0,24.0,12.0,961591.0
219,Neemuch,741288.0,67324.0,1508.0,1110.0,224.0,14165.0,115.0,825734.0
220,New Delhi,124482.0,8480.0,4852.0,2933.0,312.0,679.0,66.0,141804.0
221,Nicobars,8681.0,1336.0,26077.0,343.0,119.0,0.0,248.0,36804.0
222,Nizamabad,2123426.0,391596.0,19653.0,2357.0,1847.0,542.0,146.0,2539567.0
223,North,726443.0,119792.0,7256.0,19066.0,1824.0,13049.0,81.0,887511.0
224,North & Middle Andaman,81163.0,2165.0,21870.0,77.0,84.0,4.0,47.0,105410.0
225,North District,14883.0,815.0,2660.0,816.0,23318.0,35.0,921.0,43448.0
226,North East,1529337.0,657585.0,9123.0,17424.0,2388.0,24673.0,48.0,2240578.0
227,North Goa,622213.0,57941.0,134169.0,618.0,553.0,546.0,166.0,816206.0
228,North Tripura,507967.0,105737.0,44062.0,151.0,34717.0,307.0,70.0,693011.0
229,North Twenty Four Parganas,7352769.0,2584684.0,26933.0,9394.0,5818.0,4452.0,2930.0,9986980.0
230,North West,3211042.0,291330.0,14100.0,92129.0,2281.0,43460.0,345.0,3654687.0
231,Nuapada,601092.0,4952.0,1778.0,724.0,76.0,905.0,22.0,609549.0
232,Osmanabad,1437623.0,178925.0,942.0,340.0,28216.0,4530.0,195.0,1650771.0
233,Pakur,410127.0,322963.0,75865.0,356.0,283.0,222.0,88760.0,898576.0
234,Palakkad,1875980.0,812936.0,114397.0,220.0,238.0,78.0,400.0,2804249.0
235,Palamu,1683169.0,238295.0,6164.0,734.0,188.0,284.0,5681.0,1934515.0
236,Pali,1870543.0,143476.0,1345.0,1540.0,141.0,18974.0,52.0,2036071.0
237,Palwal,826342.0,208566.0,932.0,3971.0,345.0,915.0,20.0,1041091.0
238,Panchkula,490702.0,23451.0,2583.0,40951.0,1008.0,1626.0,90.0,560411.0
239,Panchmahal,2220974.0,158513.0,2863.0,662.0,337.0,5236.0,131.0,2388716.0
240,Panipat,1083936.0,86622.0,2261.0,25064.0,289.0,4647.0,99.0,1202918.0
241,Panna,974748.0,35214.0,418.0,186.0,37.0,4734.0,218.0,1015555.0
242,Papum Pare,57027.0,6148.0,84397.0,310.0,4768.0,139.0,22586.0,175375.0
243,Parbhani,1328385.0,306364.0,2081.0,1371.0,187899.0,6238.0,262.0,1832600.0
244,Paschim Medinipur,5056953.0,620554.0,23287.0,2854.0,2019.0,1550.0,184278.0,5891495.0
245,Pashchim Champaran,3047427.0,865090.0,8469.0,926.0,1337.0,296.0,1895.0,3925440.0
246,Pashchimi Singhbhum,423937.0,38103.0,87587.0,946.0,389.0,52.0,945864.0,1496878.0
247,Patan,1194745.0,142797.0,916.0,337.0,66.0,3602.0,66.0,1342529.0
248,Pathanamthitta,681666.0,55074.0,456404.0,153.0,150.0,44.0,262.0,1193753.0
249,Patiala,783306.0,40043.0,5683.0,1059944.0,245.0,1914.0,1410.0,1892545.0
250,Patna,5356075.0,439952.0,12551.0,4803.0,1062.0,2151.0,203.0,5816797.0
251,Perambalur,521658.0,32702.0,10301.0,83.0,39.0,38.0,26.0,564847.0
252,Peren,4076.0,1850.0,86145.0,15.0,459.0,10.0,2493.0,95048.0
253,Phek,3563.0,950.0,158224.0,31.0,350.0,17.0,198.0,163333.0
254,Pilibhit,1449007.0,489686.0,3510.0,84787.0,360.0,138.0,45.0,2027533.0
255,Pithoragarh,475105.0,6015.0,1401.0,260.0,185.0,13.0,30.0,483009.0
256,Porbandar,549749.0,33565.0,500.0,248.0,91.0,515.0,38.0,584706.0
257,Prakasam,3150195.0,220654.0,18775.0,266.0,97.0,204.0,206.0,3390397.0
258,Pratapgarh,827293.0,25597.0,358.0,72.0,32.0,14077.0,27.0,867456.0
259,Pratapgarh,2731351.0,452394.0,3920.0,1451.0,7795.0,746.0,43.0,3197700.0
260,Puducherry,855294.0,32674.0,58328.0,245.0,366.0,1328.0,147.0,948382.0
261,Pudukkottai,1428784.0,114194.0,72850.0,119.0,81.0,32.0,293.0,1616353.0
262,Pulwama,13840.0,535159.0,1109.0,9440.0,35.0,6.0,18.0,559607.0
263,Punch,32604.0,431279.0,958.0,11188.0,83.0,10.0,2.0,476124.0
264,Pune,8090254.0,673704.0,134192.0,27090.0,340404.0,127786.0,9873.0,9403303.0
265,Purba Champaran,4086453.0,990349.0,4865.0,668.0,878.0,464.0,104.0,5083781.0
266,Purba Medinipur,4343972.0,743436.0,2648.0,746.0,317.0,574.0,359.0,5092052.0
267,Purbi Singhbhum,1550178.0,203999.0,30172.0,38544.0,892.0,1670.0,465367.0,2290822.0
268,Puri,1644905.0,46094.0,4239.0,193.0,243.0,94.0,302.0,1696070.0
269,Purnia,1989420.0,1255641.0,7989.0,614.0,353.0,1450.0,650.0,3256117.0
270,Puruliya,2373120.0,227249.0,8646.0,622.0,209.0,3052.0,309029.0,2921927.0
271,Rae Bareli,2975998.0,413243.0,3634.0,2424.0,722.0,397.0,602.0,3397020.0
272,Raichur,1634062.0,272022.0,10394.0,538.0,2265.0,4156.0,29.0,1923466.0
273,Raigarh,1422986.0,17332.0,47653.0,2117.0,781.0,409.0,1782.0,1493060.0
274,Raigarh,2239370.0,227465.0,17452.0,7477.0,121791.0,12260.0,1159.0,2626974.0
275,Raipur,3881485.0,103038.0,23181.0,16707.0,8397.0,17137.0,10680.0,4060625.0
276,Raisen,1195235.0,120331.0,1725.0,2262.0,253.0,10637.0,190.0,1330633.0
277,Rajgarh,1433879.0,106928.0,1243.0,460.0,121.0,1599.0,50.0,1544280.0
278,Rajkot,3397406.0,361388.0,5478.0,1918.0,1170.0,33591.0,269.0,3801220.0
279,Rajnandgaon,1399658.0,23648.0,5193.0,3761.0,28541.0,8187.0,67444.0,1536432.0
280,Rajouri,221880.0,402879.0,983.0,15513.0,189.0,26.0,3.0,641473.0
281,Rajsamand,1105676.0,33677.0,759.0,260.0,100.0,14966.0,68.0,1155506.0
282,Ramanagara,959260.0,114311.0,6390.0,383.0,104.0,859.0,57.0,1081364.0
283,Ramanathapuram,1047411.0,208038.0,91139.0,154.0,86.0,29.0,36.0,1346893.0
284,Ramban,81026.0,200516.0,414.0,753.0,43.0,3.0,252.0,283007.0
285,Ramgarh,774251.0,129037.0,7260.0,5093.0,69.0,537.0,32378.0,948625.0
286,Rampur,1073890.0,1181337.0,9201.0,65316.0,384.0,1307.0,63.0,2331498.0
287,Ranchi,1612239.0,410759.0,193974.0,4826.0,932.0,2733.0,677445.0,2902908.0
288,Rangareddy,4458858.0,617518.0,144037.0,8062.0,2041.0,3536.0,1629.0,5235681.0
289,Ratlam,1267043.0,151071.0,3996.0,1353.0,175.0,29353.0,123.0,1453114.0
290,Ratnagiri,1307211.0,187197.0,1990.0,230.0,113467.0,3347.0,95.0,1613537.0
291,Rayagada,874445.0,4607.0,84916.0,219.0,249.0,123.0,44.0,964603.0
292,Reasi,153898.0,156275.0,1208.0,3107.0,15.0,7.0,3.0,314513.0
293,Rewa,2268838.0,85414.0,1964.0,832.0,986.0,655.0,232.0,2358921.0
294,Rewari,889133.0,5713.0,701.0,1804.0,202.0,1525.0,12.0,899090.0
295,Ribhoi,30945.0,1838.0,218508.0,166.0,428.0,49.0,6308.0,258242.0
296,Rohtak,1043887.0,8185.0,732.0,3916.0,200.0,3491.0,24.0,1060435.0
297,Rohtas,2645415.0,300487.0,2889.0,2569.0,1584.0,252.0,537.0,2953733.0
298,Rudraprayag,240170.0,1486.0,171.0,38.0,9.0,4.0,44.0,241922.0
299,Rupnagar,304481.0,14492.0,2094.0,361045.0,118.0,653.0,143.0,683026.0
300,Sabarkantha,2260560.0,148563.0,6375.0,614.0,168.0,11110.0,52.0,2427442.0
301,Sagar,2198297.0,103480.0,5580.0,4146.0,991.0,62992.0,168.0,2375654.0
302,Saharanpur,1966892.0,1454052.0,6523.0,18627.0,1937.0,10208.0,135.0,3458374.0
303,Saharsa,1629254.0,266620.0,1292.0,197.0,60.0,109.0,8.0,1897540.0
304,Sahibganj,628044.0,398243.0,83208.0,198.0,245.0,125.0,38426.0,1148489.0
305,Sahibzada Ajit Singh Nagar,476276.0,29488.0,5342.0,478908.0,257.0,1257.0,239.0,991767.0
306,Saiha,933.0,514.0,54977.0,11.0,102.0,4.0,2.0,56543.0
307,Salem,3326357.0,95487.0,53841.0,412.0,174.0,992.0,246.0,3477509.0
308,Samastipur,3800598.0,452370.0,2126.0,554.0,292.0,231.0,112.0,4256283.0
309,Samba,275311.0,22950.0,2306.0,17961.0,48.0,16.0,6.0,318598.0
310,Sambalpur,964188.0,20120.0,50637.0,2506.0,310.0,86.0,1117.0,1038964.0
311,Sangli,2440312.0,239607.0,9098.0,1260.0,38210.0,87453.0,769.0,2816709.0
312,Sangrur,389410.0,179116.0,2406.0,1077438.0,268.0,3222.0,1038.0,1652898.0
313,Sant Kabir Nagar,1300586.0,404410.0,1766.0,447.0,4393.0,95.0,35.0,1711732.0
314,Sant Ravidas Nagar,1368291.0,203887.0,1365.0,199.0,1562.0,161.0,7.0,1575472.0
315,Saraikela-Kharsawan,709016.0,63588.0,8113.0,1114.0,187.0,72.0,280469.0,1062559.0
316,Saran,3534772.0,406449.0,2330.0,371.0,229.0,322.0,107.0,3944580.0
317,Satara,2691952.0,146970.0,4408.0,1182.0,141315.0,12810.0,676.0,2999313.0
318,Satna,2158623.0,59471.0,2228.0,1163.0,364.0,3135.0,1689.0,2226673.0
319,Sawai Madhopur,1165505.0,155681.0,945.0,812.0,177.0,9991.0,42.0,1333153.0
320,Sehore,1163607.0,137980.0,1404.0,640.0,357.0,6232.0,66.0,1310286.0
321,Senapati,43833.0,1649.0,426819.0,140.0,2409.0,53.0,1243.0,476146.0
322,Seoni,1145052.0,79739.0,1857.0,360.0,7288.0,4982.0,135315.0,1374593.0
323,Serchhip,991.0,335.0,63444.0,6.0,60.0,9.0,35.0,64880.0
324,Shahdol,997073.0,42426.0,2372.0,912.0,268.0,1737.0,19448.0,1064236.0
325,Shahid Bhagat Singh Nagar,401368.0,6829.0,1479.0,192885.0,5885.0,695.0,266.0,609407.0
326,Shahjahanpur,2412595.0,527581.0,4630.0,51090.0,2312.0,301.0,84.0,2998593.0
327,Shajapur,1321003.0,174724.0,815.0,631.0,179.0,13755.0,66.0,1511173.0
328,Sheikhpura,596102.0,37653.0,313.0,75.0,41.0,43.0,31.0,634258.0
329,Sheohar,552492.0,99342.0,522.0,216.0,73.0,52.0,44.0,652741.0
330,Sheopur,638702.0,41396.0,230.0,6387.0,201.0,379.0,40.0,687335.0
331,Shimla,791449.0,11810.0,2025.0,4047.0,3262.0,185.0,197.0,812975.0
332,Shimoga,1479424.0,234664.0,26521.0,400.0,120.0,9234.0,367.0,1750730.0
333,Shivpuri,1648749.0,51200.0,1117.0,7151.0,3421.0,12171.0,72.0,1723881.0
334,Shrawasti,768643.0,343981.0,1427.0,407.0,323.0,68.0,56.0,1114905.0
335,Shupiyan,3116.0,262263.0,429.0,178.0,6.0,1.0,6.0,265999.0
336,Siddharthnagar,1789704.0,748073.0,3042.0,681.0,11964.0,179.0,356.0,2553999.0
337,Sidhi,1077545.0,34419.0,511.0,128.0,92.0,93.0,12556.0,1125344.0
338,Sikar,2342076.0,327583.0,1122.0,356.0,177.0,4050.0,15.0,2675379.0
339,Simdega,201524.0,15103.0,306601.0,51.0,753.0,114.0,73930.0,598076.0
340,Sindhudurg,780384.0,26264.0,15471.0,219.0,24762.0,1046.0,53.0,848199.0
341,Singrauli,1118998.0,46574.0,2332.0,1422.0,338.0,182.0,6139.0,1175985.0
342,Sirmaur,476830.0,33215.0,577.0,15501.0,2645.0,236.0,86.0,529090.0
343,Sirohi,996562.0,30479.0,1284.0,572.0,114.0,6829.0,56.0,1035896.0
344,Sirsa,940255.0,9524.0,2186.0,338962.0,370.0,2256.0,624.0,1294177.0
345,Sitamarhi,2672311.0,740101.0,2897.0,261.0,253.0,188.0,20.0,3416031.0
346,Sitapur,3555450.0,893725.0,6579.0,11611.0,2663.0,1410.0,79.0,4471517.0
347,Sivaganga,1186078.0,74310.0,75481.0,150.0,80.0,109.0,24.0,1336232.0
348,Sivasagar,1007277.0,95553.0,33147.0,902.0,3953.0,286.0,8541.0,1149659.0
349,Siwan,2712635.0,608282.0,2618.0,369.0,407.0,359.0,86.0,3324756.0
350,Solan,548579.0,14678.0,1452.0,13926.0,574.0,591.0,110.0,579910.0
351,Solapur,3795424.0,441254.0,9882.0,1279.0,35497.0,28134.0,568.0,4312038.0
352,Sonbhadra,1738769.0,103567.0,3963.0,1649.0,1747.0,487.0,1907.0,1852089.0
353,Sonipat,1390149.0,45100.0,1405.0,4484.0,336.0,6033.0,29.0,1447536.0
354,Sonitpur,1422824.0,350536.0,138166.0,1363.0,5088.0,1003.0,221.0,1919201.0
355,South,2155759.0,445914.0,41880.0,69520.0,3862.0,11020.0,645.0,2728600.0
356,South Andaman,174452.0,28912.0,33037.0,866.0,135.0,27.0,269.0,237698.0
357,South District,84583.0,1889.0,21462.0,151.0,35053.0,45.0,3176.0,146359.0
358,South Garo Hills,7036.0,1050.0,132984.0,27.0,332.0,10.0,362.0,141801.0
359,South Goa,341664.0,63623.0,231961.0,855.0,542.0,563.0,92.0,639300.0
360,South Tripura,736015.0,49258.0,39258.0,245.0,49420.0,106.0,808.0,875110.0
361,South Twenty Four Parganas,5155545.0,2903075.0,66498.0,2783.0,2494.0,972.0,6065.0,8137432.0
362,South West,2102743.0,112691.0,31226.0,31692.0,2784.0,9215.0,266.0,2290617.0
363,Sri Potti Sriramulu Nellore,2639737.0,288378.0,26202.0,678.0,239.0,2610.0,146.0,2957990.0
364,Srikakulam,2666950.0,9025.0,18879.0,193.0,77.0,160.0,106.0,2695390.0
365,Srinagar,42540.0,1177342.0,2746.0,12187.0,285.0,74.0,2.0,1235176.0
366,Subarnapur,605225.0,1566.0,2374.0,58.0,46.0,17.0,6.0,609292.0
367,Sultanpur,3119590.0,650261.0,4453.0,1629.0,9989.0,426.0,336.0,3786684.0
368,Sundargarh,1532352.0,71391.0,385011.0,5713.0,710.0,721.0,89986.0,2085884.0
369,Supaul,1809936.0,409251.0,3758.0,271.0,136.0,546.0,42.0,2223940.0
370,Surat,5260193.0,660772.0,21052.0,5703.0,12902.0,112835.0,3920.0,6077377.0
371,Surendranagar,1620282.0,109681.0,1419.0,512.0,312.0,22992.0,128.0,1755326.0
372,Surguja,2126195.0,81442.0,97432.0,2303.0,1287.0,623.0,48295.0,2357577.0
373,Tamenglong,2995.0,589.0,134760.0,59.0,425.0,57.0,1144.0,140029.0
374,Tapi,725890.0,22309.0,52930.0,239.0,1476.0,1828.0,408.0,805080.0
375,Tarn Taran,60504.0,3855.0,6095.0,1044903.0,101.0,650.0,47.0,1116155.0
376,Tawang,11842.0,787.0,776.0,1164.0,34920.0,72.0,349.0,49910.0
377,Tehri Garhwal,609835.0,7374.0,656.0,290.0,32.0,91.0,109.0,618387.0
378,Thane,8716055.0,1355630.0,280700.0,39149.0,449617.0,172052.0,9862.0,11023065.0
379,Thanjavur,2075870.0,190814.0,133971.0,231.0,795.0,1256.0,148.0,2403085.0
380,The Dangs,203545.0,3593.0,20029.0,69.0,32.0,39.0,560.0,227867.0
381,The Nilgiris,569477.0,78452.0,84610.0,338.0,382.0,910.0,87.0,734256.0
382,Theni,1148990.0,56751.0,37574.0,152.0,79.0,28.0,74.0,1243648.0
383,Thiruvallur,3325823.0,143093.0,233633.0,1422.0,951.0,3693.0,530.0,3709145.0
384,Thiruvananthapuram,2194057.0,452915.0,630573.0,404.0,301.0,76.0,1082.0,3279408.0
385,Thiruvarur,1132785.0,96092.0,33192.0,258.0,151.0,279.0,64.0,1262821.0
386,Thoothukkudi,1373920.0,80740.0,291908.0,127.0,286.0,53.0,112.0,1747146.0
387,Thoubal,267146.0,107323.0,4322.0,106.0,114.0,24.0,42347.0,421382.0
388,Thrissur,1823442.0,532839.0,757484.0,259.0,278.0,62.0,585.0,3114949.0
389,Tikamgarh,1383475.0,44143.0,588.0,251.0,109.0,15569.0,39.0,1444174.0
390,Tinsukia,1181347.0,48373.0,76877.0,1999.0,16228.0,837.0,395.0,1326056.0
391,Tirap,20682.0,1103.0,83361.0,61.0,778.0,43.0,5325.0,111353.0
392,Tiruchirappalli,2279413.0,190964.0,246156.0,324.0,250.0,628.0,253.0,2717988.0
393,Tirunelveli,2425630.0,303368.0,342254.0,268.0,373.0,144.0,450.0,3072487.0
394,Tiruppur,2278835.0,123983.0,70015.0,455.0,198.0,371.0,119.0,2473976.0
395,Tiruvannamalai,2294369.0,91636.0,66987.0,232.0,157.0,7898.0,110.0,2461389.0
396,Tonk,1243527.0,153146.0,754.0,378.0,122.0,22458.0,30.0,1420415.0
397,Tuensang,2979.0,1052.0,191864.0,27.0,572.0,5.0,1.0,196500.0
398,Tumkur,2413812.0,245923.0,9130.0,477.0,187.0,5067.0,161.0,2674757.0
399,Udaipur,2869976.0,104307.0,7406.0,4278.0,209.0,78647.0,373.0,3065196.0
400,Udalguri,612425.0,105319.0,110215.0,215.0,1681.0,124.0,229.0,830208.0
401,Udham Singh Nagar,1104452.0,372267.0,6064.0,162768.0,505.0,738.0,159.0,1646953.0
402,Udhampur,489044.0,59771.0,1962.0,3418.0,106.0,57.0,235.0,554593.0
403,Udupi,1009179.0,96740.0,65838.0,232.0,161.0,4534.0,155.0,1176839.0
404,Ujjain,1718204.0,233133.0,4659.0,3241.0,945.0,24622.0,211.0,1985015.0
405,Ukhrul,7553.0,1115.0,174112.0,108.0,635.0,70.0,32.0,183625.0
406,Umaria,620515.0,15966.0,667.0,190.0,70.0,220.0,6028.0,643656.0
407,Una,480138.0,14275.0,390.0,26009.0,56.0,70.0,10.0,520948.0
408,Unnao,2732016.0,363453.0,3574.0,1204.0,920.0,240.0,31.0,3101438.0
409,Upper Siang,5261.0,411.0,5643.0,27.0,2577.0,7.0,20967.0,34893.0
410,Upper Subansiri,13474.0,521.0,8779.0,28.0,297.0,11.0,59449.0,82559.0
411,Uttar Dinajpur,1482943.0,1501170.0,16702.0,477.0,432.0,1324.0,1622.0,3004670.0
412,Uttara Kannada,1187306.0,187974.0,44530.0,305.0,12804.0,3624.0,64.0,1436607.0
413,Uttarkashi,324859.0,3554.0,353.0,167.0,563.0,74.0,105.0,329675.0
414,Vadodara,3713941.0,384579.0,23813.0,9340.0,2069.0,27650.0,1124.0,4162516.0
415,Vaishali,3152346.0,333980.0,2203.0,707.0,362.0,246.0,71.0,3489915.0
416,Valsad,1571147.0,94034.0,19661.0,1589.0,913.0,13809.0,1417.0,1702570.0
417,Varanasi,3107681.0,546987.0,7696.0,3309.0,1146.0,1898.0,298.0,3669015.0
418,Vellore,3397857.0,414760.0,111390.0,676.0,438.0,3514.0,251.0,3928886.0
419,Vidisha,1287391.0,149548.0,1313.0,914.0,295.0,18490.0,70.0,1458021.0
420,Viluppuram,3174941.0,133896.0,138279.0,325.0,238.0,4032.0,278.0,3451989.0
421,Virudhunagar,1822626.0,47838.0,67405.0,245.0,87.0,98.0,75.0,1938374.0
422,Visakhapatnam,4105320.0,86330.0,77607.0,2301.0,850.0,2316.0,286.0,4275010.0
423,Vizianagaram,2299129.0,16423.0,17853.0,380.0,114.0,815.0,183.0,2334897.0
424,Warangal,3273755.0,197333.0,31377.0,1453.0,253.0,569.0,126.0,3504866.0
425,Wardha,1057096.0,53854.0,2696.0,2147.0,175417.0,5663.0,2254.0,1299127.0
426,Washim,859949.0,142672.0,1707.0,518.0,179330.0,8476.0,381.0,1193033.0
427,Wayanad,404460.0,234185.0,174453.0,61.0,312.0,1797.0,286.0,815554.0
428,West,2087294.0,149807.0,18337.0,271752.0,1993.0,11322.0,273.0,2540778.0
429,West District,75286.0,965.0,13002.0,40.0,36390.0,20.0,10477.0,136180.0
430,West Garo Hills,122936.0,106788.0,389956.0,209.0,3392.0,144.0,16950.0,640375.0
431,West Godavari,3733191.0,86142.0,109120.0,288.0,209.0,1578.0,211.0,3930739.0
432,West Kameng,31265.0,1970.0,8466.0,328.0,36087.0,71.0,5556.0,83743.0
433,West Khasi Hills,6498.0,1533.0,366881.0,58.0,1313.0,38.0,5878.0,382199.0
434,West Siang,15881.0,2218.0,29969.0,577.0,3311.0,49.0,60005.0,112010.0
435,West Tripura,1512801.0,152791.0,53622.0,499.0,2128.0,362.0,430.0,1722633.0
436,Wokha,5605.0,2043.0,158236.0,34.0,318.0,8.0,20.0,166264.0
437,Yadgir,997974.0,155340.0,8677.0,331.0,7970.0,1519.0,996.0,1172807.0
438,Yamunanagar,984929.0,138569.0,3646.0,84455.0,161.0,1555.0,126.0,1213441.0
439,Yanam,53537.0,1191.0,873.0,3.0,1.0,4.0,4.0,55613.0
440,Yavatmal,2251401.0,239236.0,4567.0,1596.0,249874.0,11422.0,3745.0,2761841.0
441,YSR,2391231.0,454108.0,23281.0,367.0,105.0,751.0,245.0,2870088.0
442,Zunheboto,2580.0,772.0,136995.0,39.0,286.0,6.0,2.0,140680.0
443,Adilabad,2399901.0,275970.0,15422.0,1377.0,25510.0,617.0,322.0,2719119.0
444,Agra,3922718.0,411313.0,10076.0,12057.0,4049.0,21508.0,384.0,4382105.0
445,Ahmadabad,6042416.0,883238.0,50754.0,14542.0,4518.0,209287.0,2055.0,7206810.0
446,Ahmadnagar,4107143.0,320743.0,22766.0,5431.0,33898.0,38718.0,1408.0,4530107.0
447,Aizawl,13249.0,5264.0,379134.0,105.0,1570.0,76.0,505.0,399903.0
448,Ajmer,2201663.0,314159.0,10605.0,6799.0,417.0,45614.0,184.0,2579441.0
449,Akola,1107809.0,357253.0,4483.0,1504.0,328033.0,10205.0,389.0,1809676.0
450,Alappuzha,1460447.0,224545.0,435056.0,268.0,146.0,74.0,311.0,2120847.0
451,Aligarh,2904140.0,729283.0,7635.0,5875.0,2582.0,2805.0,91.0,3652411.0
452,Alirajpur,705060.0,17660.0,4600.0,65.0,36.0,780.0,271.0,728472.0
453,Allahabad,5102041.0,796756.0,13782.0,4377.0,4391.0,2247.0,305.0,5923899.0
454,Almora,611250.0,7752.0,1895.0,256.0,201.0,31.0,6.0,621391.0
455,Alwar,3039279.0,547335.0,2696.0,64532.0,4384.0,13221.0,348.0,3671795.0
456,Ambala,955096.0,22143.0,3705.0,138202.0,381.0,4845.0,110.0,1124482.0
457,Ambedkar Nagar,1985654.0,401678.0,2536.0,869.0,1817.0,235.0,33.0,2392822.0
458,Amravati,2055177.0,421410.0,7223.0,2242.0,383891.0,11360.0,3288.0,2884591.0
459,Amreli,1410463.0,99105.0,919.0,415.0,243.0,2053.0,40.0,1513238.0
460,Amritsar,690939.0,12502.0,54344.0,1716935.0,876.0,3152.0,1044.0,2479792.0
461,Anand,1798794.0,250919.0,29789.0,1524.0,267.0,8591.0,142.0,2090026.0
462,Anantapur,3599372.0,443456.0,20463.0,932.0,341.0,1417.0,309.0,4066290.0
463,Anantnag,13180.0,1057005.0,1449.0,6140.0,55.0,7.0,7.0,1077843.0
464,Anjaw,13088.0,655.0,271.0,273.0,644.0,12.0,6137.0,21080.0
465,Anugul,1258684.0,7512.0,3383.0,812.0,226.0,36.0,971.0,1271624.0
466,Anuppur,686524.0,21473.0,2132.0,606.0,86.0,1653.0,35434.0,747908.0
467,Araria,1593525.0,1207442.0,4116.0,371.0,187.0,1910.0,63.0,2807614.0
468,Ariyalur,708397.0,7942.0,37403.0,104.0,88.0,65.0,42.0,754041.0
469,Arwal,634099.0,64259.0,390.0,59.0,323.0,74.0,60.0,699264.0
470,Ashoknagar,778214.0,40707.0,635.0,8009.0,1352.0,15094.0,27.0,844038.0
471,Auraiya,1273546.0,101963.0,1004.0,371.0,332.0,228.0,444.0,1377888.0
472,Aurangabad,2291133.0,237353.0,2218.0,295.0,334.0,775.0,19.0,2532127.0
473,Aurangabad,2545438.0,786677.0,15991.0,5142.0,309093.0,30981.0,1005.0,3694327.0
474,Azamgarh,3878626.0,718692.0,3810.0,719.0,5652.0,183.0,226.0,4607908.0
475,Badgam,10110.0,736054.0,1489.0,5559.0,47.0,6.0,2.0,753267.0
476,Bagalkot,1634229.0,219991.0,3433.0,443.0,412.0,25198.0,166.0,1883872.0
477,Bageshwar,257509.0,1440.0,397.0,46.0,102.0,7.0,16.0,259517.0
478,Baghpat,917474.0,364583.0,1840.0,483.0,161.0,16139.0,25.0,1300705.0
479,Bahraich,2291892.0,1169330.0,6400.0,8212.0,2793.0,1177.0,38.0,3479842.0
480,Baksa,782901.0,135750.0,27076.0,156.0,1189.0,239.0,353.0,947664.0
481,Balaghat,1519384.0,38542.0,5295.0,1050.0,72162.0,4778.0,58064.0,1699275.0
482,Balangir,1618175.0,7811.0,16271.0,565.0,467.0,2225.0,141.0,1645655.0
483,Baleshwar,2197709.0,94254.0,6434.0,237.0,111.0,201.0,18345.0,2317291.0
484,Ballia,3004240.0,213440.0,4463.0,892.0,1595.0,233.0,64.0,3224927.0
485,Balrampur,1333242.0,805975.0,3228.0,900.0,1866.0,198.0,87.0,2145496.0
486,Banaskantha,2890305.0,213505.0,1686.0,486.0,281.0,12659.0,83.0,3119005.0
487,Banda,1637549.0,157612.0,1367.0,231.0,168.0,916.0,50.0,1797893.0
488,Bandipora,8439.0,382006.0,572.0,555.0,44.0,17.0,2.0,391635.0
489,Bangalore,7725070.0,1248294.0,504863.0,13254.0,5531.0,83090.0,498.0,9580600.0
490,Bangalore Rural,890429.0,92252.0,5368.0,389.0,272.0,1045.0,85.0,989840.0
491,Banka,1772655.0,250925.0,6138.0,139.0,113.0,94.0,1035.0,2031099.0
492,Bankura,3033581.0,290450.0,3865.0,386.0,260.0,2904.0,260694.0,3592140.0
493,Banswara,1701234.0,48834.0,22250.0,427.0,138.0,22613.0,109.0,1795605.0
494,Barabanki,2505444.0,737106.0,4857.0,2090.0,1553.0,3016.0,211.0,3254277.0
495,Baramula,30621.0,959185.0,1497.0,14770.0,140.0,29.0,7.0,1006249.0
496,Baran,1133349.0,79984.0,1432.0,3066.0,84.0,2795.0,48.0,1220758.0
497,Barddhaman,6008472.0,1599764.0,21220.0,16675.0,1602.0,1674.0,44968.0,7694375.0
498,Bareilly,2830768.0,1536534.0,14822.0,28187.0,4371.0,931.0,339.0,4415952.0
499,Bargarh,1459065.0,7527.0,11744.0,652.0,161.0,125.0,44.0,1479318.0
500,Barmer,2244882.0,321192.0,1157.0,450.0,157.0,34010.0,34.0,2601882.0
501,Barnala,112859.0,13100.0,622.0,467751.0,108.0,246.0,481.0,595167.0
502,Barpeta,492966.0,1198036.0,1020.0,112.0,49.0,399.0,14.0,1692596.0
503,Barwani,1318869.0,58222.0,2967.0,2361.0,416.0,2289.0,263.0,1385387.0
504,Bastar,1277975.0,12413.0,27951.0,2099.0,985.0,3466.0,86925.0,1411814.0
505,Basti,2082976.0,364510.0,3493.0,900.0,9753.0,107.0,99.0,2461838.0
506,Bathinda,380569.0,16299.0,2474.0,984286.0,246.0,1266.0,559.0,1385699.0
507,Baudh,438152.0,1007.0,522.0,24.0,5.0,11.0,7.0,439728.0
508,Begusarai,2554330.0,407348.0,2209.0,402.0,229.0,276.0,57.0,2964851.0
509,Belgaum,4038331.0,528412.0,18418.0,2037.0,1086.0,178310.0,149.0,4766743.0
510,Bellary,2103633.0,320834.0,14014.0,1029.0,284.0,8044.0,54.0,2447892.0
511,Betul,1505745.0,37590.0,3271.0,1078.0,9651.0,3759.0,13048.0,1574142.0
512,Bhadrak,1398543.0,104202.0,745.0,169.0,81.0,111.0,61.0,1503912.0
513,Bhagalpur,2487866.0,537098.0,3556.0,415.0,180.0,1050.0,32.0,3030197.0
514,Bhandara,1009352.0,26502.0,2145.0,831.0,154458.0,1017.0,3555.0,1197860.0
515,Bharatpur,2143046.0,371286.0,1576.0,23456.0,899.0,5758.0,18.0,2546039.0
516,Bharuch,1188204.0,343511.0,9494.0,1733.0,442.0,4813.0,342.0,1548539.0
517,Bhavnagar,2632574.0,212863.0,3457.0,1410.0,445.0,26974.0,127.0,2877850.0
518,Bhilwara,2224839.0,142427.0,1978.0,1468.0,183.0,35149.0,60.0,2406104.0
519,Bhind,1595400.0,66776.0,973.0,4047.0,12215.0,19950.0,73.0,1699434.0
520,Bhiwani,1611031.0,15515.0,873.0,2401.0,254.0,1016.0,26.0,1631116.0
521,Bhojpur,2518216.0,197819.0,2165.0,544.0,647.0,1472.0,48.0,2720911.0
522,Bhopal,1755861.0,525434.0,23432.0,10789.0,21688.0,25950.0,335.0,2363489.0
523,Bid,2174672.0,320395.0,2097.0,824.0,68482.0,8719.0,399.0,2575588.0
524,Bidar,1289709.0,335184.0,35438.0,1145.0,30453.0,680.0,521.0,1693130.0
525,Bijapur,245151.0,1617.0,2709.0,68.0,1649.0,15.0,3793.0,255002.0
526,Bijapur,1786830.0,369588.0,2433.0,558.0,374.0,8665.0,499.0,2168947.0
527,Bijnor,2032081.0,1585210.0,6184.0,50624.0,1736.0,2134.0,41.0,3678010.0
528,Bikaner,2073356.0,235741.0,1901.0,20072.0,285.0,30850.0,79.0,2362284.0
529,Bilaspur,371973.0,6984.0,236.0,2387.0,113.0,10.0,7.0,381710.0
530,Bilaspur,2540763.0,57973.0,20745.0,6373.0,2979.0,2357.0,29122.0,2660312.0
531,Birbhum,2181515.0,1298054.0,10906.0,582.0,258.0,1152.0,6051.0,3498518.0
532,Bishnupur,175102.0,18691.0,4264.0,56.0,76.0,16.0,38457.0,236662.0
533,Bokaro,1636460.0,241451.0,13730.0,4174.0,1890.0,2045.0,160524.0,2060274.0
534,Bongaigaon,359145.0,371033.0,5924.0,384.0,236.0,871.0,9.0,737602.0
535,Budaun,2867707.0,790515.0,6320.0,1135.0,1959.0,678.0,87.0,3668401.0
536,Bulandshahar,2707195.0,777407.0,4088.0,2765.0,669.0,1572.0,86.0,3493782.0
537,Buldana,1845424.0,354236.0,3531.0,1668.0,364229.0,12242.0,522.0,2581852.0
538,Bundi,1017688.0,66609.0,682.0,11059.0,144.0,13455.0,24.0,1109661.0
539,Burhanpur,552526.0,180840.0,1199.0,1074.0,19883.0,1884.0,99.0,757505.0
540,Buxar,1591454.0,105423.0,2125.0,248.0,5090.0,97.0,57.0,1704494.0
541,Cachar,1038985.0,654816.0,37635.0,280.0,341.0,1673.0,98.0,1733828.0
542,Central,364148.0,194278.0,3527.0,13038.0,362.0,5886.0,107.0,581346.0
543,Chamarajanagar,942071.0,47210.0,22183.0,136.0,4872.0,761.0,140.0,1017373.0
544,Chamba,479782.0,32455.0,1559.0,2745.0,1740.0,57.0,14.0,518352.0
545,Chamoli,385818.0,4395.0,428.0,323.0,190.0,11.0,23.0,391188.0
546,Champawat,249563.0,8693.0,870.0,336.0,24.0,28.0,6.0,259520.0
547,Champhai,1075.0,699.0,123446.0,9.0,151.0,45.0,194.0,125619.0
548,Chandauli,1727869.0,215081.0,2153.0,1389.0,340.0,100.0,1175.0,1948107.0
549,Chandel,10810.0,3086.0,129049.0,136.0,400.0,59.0,354.0,143894.0
550,Chandigarh,852574.0,51447.0,8720.0,138329.0,1160.0,1960.0,246.0,1054436.0
551,Chandrapur,1780085.0,92297.0,10701.0,5251.0,286734.0,3861.0,23188.0,2202117.0
552,Changlang,47683.0,2134.0,35969.0,94.0,50381.0,95.0,11738.0,148094.0
553,Chatra,903179.0,116710.0,6565.0,888.0,35.0,129.0,12936.0,1040442.0
554,Chennai,3751322.0,439270.0,358662.0,2851.0,2804.0,51708.0,1759.0,4608376.0
555,Chhatarpur,1676918.0,70351.0,1980.0,968.0,250.0,10409.0,102.0,1760978.0
556,Chhindwara,1923920.0,100692.0,4893.0,2258.0,24471.0,7830.0,25771.0,2089835.0
557,Chikkaballapura,1100131.0,147810.0,4684.0,264.0,85.0,975.0,77.0,1254026.0
558,Chikmagalur,1004553.0,101235.0,26000.0,182.0,109.0,4710.0,4.0,1136793.0
559,Chirang,320647.0,109248.0,49747.0,87.0,406.0,125.0,482.0,480742.0
560,Chitradurga,1520553.0,128751.0,3175.0,322.0,84.0,3778.0,128.0,1656791.0
561,Chitrakoot,955372.0,34559.0,693.0,63.0,101.0,285.0,27.0,991100.0
562,Chittaurgarh,1413163.0,97855.0,1274.0,1515.0,252.0,25843.0,136.0,1540038.0
563,Chittoor,3737588.0,397870.0,24129.0,867.0,253.0,1322.0,358.0,4162387.0
564,Churachandpur,12034.0,2886.0,254979.0,152.0,495.0,87.0,2333.0,272966.0
565,Churu,1777879.0,249736.0,958.0,402.0,188.0,7104.0,127.0,2036394.0
566,Coimbatore,3044145.0,211035.0,190314.0,1112.0,435.0,3284.0,237.0,3450562.0
567,Cuddalore,2391675.0,123749.0,83334.0,401.0,236.0,1280.0,138.0,2600813.0
568,Cuttack,2457729.0,141263.0,11985.0,1026.0,6276.0,1180.0,168.0,2619627.0
569,Dadra & Nagar Haveli,322857.0,12922.0,5113.0,217.0,634.0,1186.0,293.0,343222.0
570,Dahod,2045243.0,66353.0,9907.0,493.0,260.0,3331.0,114.0,2125701.0
571,Dakshin Bastar Dantewada,513915.0,6437.0,4888.0,457.0,352.0,1044.0,6071.0,533164.0
572,Dakshin Dinajpur,1232850.0,412788.0,24794.0,276.0,148.0,323.0,2786.0,1673965.0
573,Dakshina Kannada,1403854.0,501896.0,171398.0,525.0,445.0,10397.0,138.0,2088653.0
574,Daman,171537.0,16087.0,2618.0,169.0,216.0,244.0,79.0,190950.0
575,Damoh,1186420.0,47966.0,1681.0,1096.0,119.0,25005.0,82.0,1262369.0
576,Darbhanga,3042729.0,881476.0,3534.0,832.0,245.0,236.0,101.0,3929153.0
577,Darjiling,1366681.0,105086.0,141848.0,2032.0,209240.0,1840.0,15523.0,1842250.0
578,Darrang,327322.0,597392.0,1688.0,431.0,57.0,724.0,19.0,927633.0
579,Datia,747693.0,28483.0,683.0,490.0,7923.0,453.0,10.0,785735.0
580,Dausa,1582335.0,45488.0,439.0,296.0,94.0,3737.0,115.0,1632504.0
581,Davanagere,1658465.0,265805.0,5420.0,307.0,164.0,6417.0,1743.0,1938321.0
582,Debagarh,296001.0,704.0,14518.0,53.0,102.0,7.0,409.0,311794.0
583,Dehradun,1424916.0,202057.0,13416.0,36454.0,11778.0,5117.0,217.0,1693955.0
584,Deoghar,1165140.0,302626.0,6027.0,143.0,188.0,282.0,16067.0,1490473.0
585,Deoria,2730957.0,358539.0,3626.0,818.0,1182.0,209.0,146.0,3095477.0
586,Dewas,1376591.0,174259.0,2355.0,2330.0,382.0,6497.0,72.0,1562486.0
587,Dhalai,307120.0,8256.0,22940.0,175.0,39120.0,85.0,206.0,377902.0
588,Dhamtari,777188.0,10425.0,2644.0,1196.0,667.0,3612.0,3685.0,799417.0
589,Dhanbad,2149480.0,431762.0,11243.0,9727.0,331.0,1268.0,77182.0,2680993.0
590,Dhar,2051219.0,116202.0,2261.0,1607.0,328.0,12199.0,88.0,2183904.0
591,Dharmapuri,1452956.0,38304.0,14089.0,164.0,39.0,37.0,87.0,1505676.0
592,Dharwad,1390020.0,386834.0,28747.0,1486.0,715.0,29037.0,2748.0,1839587.0
593,Dhaulpur,1127520.0,72258.0,688.0,1356.0,92.0,2739.0,21.0,1204674.0
594,Dhemaji,655052.0,13475.0,8711.0,297.0,911.0,167.0,6315.0,684928.0
595,Dhenkanal,1185542.0,4805.0,727.0,124.0,366.0,39.0,139.0,1191742.0
596,Dhubri,388380.0,1553023.0,4107.0,254.0,101.0,1846.0,45.0,1947756.0
597,Dhule,1825460.0,187901.0,3653.0,1422.0,13405.0,12818.0,912.0,2045571.0
598,Dibang Valley,3141.0,111.0,223.0,7.0,126.0,2.0,4267.0,7877.0
599,Dibrugarh,1198401.0,64526.0,52968.0,2261.0,4673.0,1055.0,46.0,1323930.0
600,Dima Hasao,143593.0,4358.0,63310.0,207.0,680.0,70.0,1170.0,213388.0
601,Dimapur,108900.0,31212.0,234239.0,566.0,1270.0,2148.0,157.0,378492.0
602,Dindigul,1879494.0,105012.0,169945.0,313.0,256.0,71.0,138.0,2155229.0
603,Dindori,605435.0,6736.0,4238.0,260.0,61.0,687.0,84006.0,701423.0
604,Diu,48613.0,3190.0,202.0,3.0,1.0,43.0,0.0,52052.0
605,Doda,187621.0,220614.0,472.0,422.0,21.0,22.0,42.0,409214.0
606,Dumka,1044726.0,106865.0,86404.0,234.0,267.0,162.0,78622.0,1317280.0
607,Dungarpur,1340065.0,28662.0,830.0,240.0,226.0,16141.0,853.0,1387017.0
608,Durg,3129745.0,83499.0,24304.0,24276.0,19587.0,17209.0,42569.0,3341189.0
609,East,1410852.0,178807.0,15792.0,53027.0,2643.0,46927.0,366.0,1708414.0
610,East District,177910.0,6198.0,23398.0,861.0,72455.0,214.0,1726.0,282762.0
611,East Garo Hills,17272.0,3359.0,289708.0,56.0,1004.0,38.0,5617.0,317054.0
612,East Godavari,4983330.0,77777.0,77825.0,738.0,413.0,4149.0,403.0,5144635.0
613,East Kameng,12333.0,652.0,37136.0,36.0,452.0,23.0,27868.0,78500.0
614,East Khasi Hills,144935.0,14185.0,543394.0,2495.0,3111.0,303.0,115597.0,824020.0
615,East Siang,27854.0,2289.0,18254.0,69.0,776.0,30.0,49393.0,98665.0
616,Ernakulam,1509557.0,514397.0,1248137.0,860.0,614.0,1176.0,1083.0,3275824.0
617,Erode,2115455.0,76098.0,55899.0,435.0,148.0,639.0,157.0,2248831.0
618,Etah,1611126.0,146346.0,2464.0,708.0,2887.0,5671.0,18.0,1769220.0
619,Etawah,1457892.0,113961.0,1362.0,1045.0,1733.0,3917.0,94.0,1580004.0
620,Faizabad,2094271.0,365806.0,3225.0,1912.0,737.0,358.0,185.0,2466494.0
621,Faridabad,1588407.0,161680.0,9743.0,34572.0,640.0,4883.0,249.0,1800174.0
622,Faridkot,141363.0,3125.0,1227.0,469789.0,155.0,1109.0,103.0,616871.0
623,Farrukhabad,1596278.0,276846.0,3137.0,3160.0,3161.0,487.0,100.0,1883169.0
624,Fatehabad,779243.0,8360.0,996.0,150969.0,171.0,1172.0,530.0,941441.0
625,Fatehgarh Sahib,152851.0,16808.0,1698.0,427521.0,48.0,178.0,251.0,599355.0
626,Fatehpur,2274674.0,350700.0,2201.0,402.0,172.0,199.0,47.0,2628395.0
627,Firozabad,2140745.0,314812.0,3370.0,1804.0,3395.0,19077.0,61.0,2483264.0
628,Firozpur,906408.0,6844.0,19358.0,1090815.0,454.0,1143.0,278.0,2025300.0
629,Gadag,907750.0,143665.0,3432.0,231.0,79.0,5993.0,74.0,1061224.0
630,Gadchiroli,927411.0,21063.0,3872.0,681.0,82695.0,454.0,30047.0,1066223.0
631,Gajapati,353160.0,1556.0,219482.0,53.0,2180.0,66.0,4.0,576501.0
632,Ganderbal,5592.0,290581.0,406.0,486.0,25.0,8.0,4.0,297102.0
633,Gandhinagar,1319586.0,57273.0,3237.0,1985.0,497.0,6405.0,82.0,1389065.0
634,Ganganagar,1437144.0,50688.0,2077.0,474853.0,938.0,1988.0,164.0,1967852.0
635,Ganjam,3486059.0,13315.0,23975.0,590.0,174.0,170.0,76.0,3524359.0
636,Garhwa,1104475.0,194680.0,17168.0,123.0,371.0,20.0,4591.0,1321428.0
637,Garhwal,660507.0,22931.0,2161.0,619.0,58.0,212.0,51.0,686539.0
638,Gautam Buddha Nagar,1394025.0,215500.0,7366.0,9261.0,895.0,4518.0,91.0,1631656.0
639,Gaya,3876395.0,488121.0,3943.0,913.0,870.0,1723.0,108.0,4372073.0
